INSERT INTO ciudad VALUES (8000,"Bahía Blanca");
INSERT INTO ciudad VALUES (8001,"Cabildo");
INSERT INTO ciudad VALUES (8002,"Pedro Luro");
INSERT INTO ciudad VALUES (8003,"La Paz");
INSERT INTO ciudad VALUES (8004,"Necochea");
INSERT INTO ciudad VALUES (8005,"Pringles");
INSERT INTO ciudad VALUES (8006,"Roca");



SELECT * FROM ciudad;


INSERT INTO sucursal VALUES (1,8000,"sucursal primera","Estomba 142","4511111","8 a 12");
INSERT INTO sucursal VALUES (2,8001,"sucursal segunda","9 de julio 1283","4522222","9 a 13");
INSERT INTO sucursal VALUES (3,8002,"sucursal tercera","Colón 971","4533333","10 a 14");
INSERT INTO sucursal VALUES (4,8003,"sucursal cuarta","Alem 882","4544444","14 a 18");
INSERT INTO sucursal VALUES (5,8004,"sucursal quinta","Pedro Pico 92","4555555","15 a 19");
INSERT INTO sucursal VALUES (6,8005,"sucursal sexta","Moreno 377","4566666","16 a 20");
INSERT INTO sucursal VALUES (7,8006,"sucursal septima","Sarmiento 880","4577777","17 a 21");
INSERT INTO sucursal VALUES (8,8000,"sucursal octava","italia 443","4501010","8 a 18");
SELECT * FROM sucursal;

INSERT INTO empleado VALUES(1001,"Alli","Dele","DNI",38920001,"Tottenham 3101","291450791","Telefonista",md5("1441"),1);
INSERT INTO empleado VALUES(1002,"Pavón","Cristian","DNI",35647892,"Boca Juniors 72","291578642","Administrativo",md5("1552"),2);
INSERT INTO empleado VALUES(1003,"Hazard","Eden","DNI",36547853,"Chelsea 1003","291783483","Atención al público",md5("1663"),3);
INSERT INTO empleado VALUES(1004,"Palermo","Martín","DNI",36458984,"Estudiantes 94","291789654","Administrativo",md5("1774"),4);
INSERT INTO empleado VALUES(1005,"Paredes","Leandro","DNI",39856555,"Roma 1095","291486575","Gerente",md5("1885"),5);
INSERT INTO empleado VALUES(1006,"Icardi","Mauro","DNI",36458696,"Internazzionale 999","291789456","Cajero",md5("1776"),6);
INSERT INTO empleado VALUES(1007,"Messi","Lionel","DNI",32456787,"Argentina 101010","291450794","Gerente",md5("1227"),7);
INSERT INTO empleado VALUES(1008,"Cardona","Edwin","DNI",45789452,"Boca Juniors 102","291456862","Atención al público",md5("1562"),2);
INSERT INTO empleado VALUES(1009,"Benedetto","Darío","DNI",35456884,"Boca Junioers 999","291568499","Cajero",md5("1444"),4);
INSERT INTO empleado VALUES(1010,"Martínez","Gonzalo","DNI",36458786,"Friver Plate 106","291489636","Administrativo",md5("1666"),6);
SELECT * FROM empleado;

INSERT INTO cliente VALUES (10001,"Alvarez","Alvaro","dni",39157999,"9 de julio 1332","4532529",'1995-11-27');
INSERT INTO cliente VALUES (11002,"Benitez","Benito","dni",39032672,"Terrada 550","4517332",'1993-4-22');
INSERT INTO cliente VALUES (12003,"Hernandez","Hernan","dni",33875122,"Entre Rios 298","4585632",'1990-7-7');
INSERT INTO cliente VALUES (13004,"Martinez","Martin","dni",28752661,"Viamonte 970","4508571",'1983-2-26');
INSERT INTO cliente VALUES (14005,"Ramirez","Ramiro","dni",22871542,"Zelarrayan 1197","4522764",'1974-5-15');
INSERT INTO cliente VALUES (15006,"Charles","Javier","dni",21938244,"San Martin 2231","4596620",'1972-12-13');
INSERT INTO cliente VALUES (16007,"Mercurio","Alfredo","dni",20288214,"12 de octubre 1152","4575520",'1970-12-1');
INSERT INTO cliente VALUES (17008,"Caminador","Pablo","dni",18878200,"Santa Fe 923","4582611",'1968-1-30');

SELECT * FROM cliente;


INSERT INTO plazo_fijo VALUES (2001,58654.51,'2018-08-31','2018-10-01',5.5,265.15,1); # 31 dias
INSERT INTO plazo_fijo VALUES (2002,138955.61,'2018-09-10','2018-11-12',06.30,1487.02,1); # 63 dias
INSERT INTO plazo_fijo VALUES (2003,155000.92,'2018-09-03','2018-10-04',05.64,742.48,2); # 31 dias
INSERT INTO plazo_fijo VALUES (2005,65789.13,'2018-09-01','2019-09-16',07.55,5171.21,3);  # 380 dias
INSERT INTO plazo_fijo VALUES (2006,62555.54,'2018-11-01','2019-02-22',06.55,1279.73,4); # 114 dias
INSERT INTO plazo_fijo VALUES (2007,49000.25,'2018-10-05','2019-05-01',07.00,1945.24,5); #  207 dias
INSERT INTO plazo_fijo VALUES (2008,167777.87,'2018-09-11','2018-01-10',06.89,3927.20,7); # 124 dias
SELECT * FROM plazo_fijo;

INSERT INTO tasa_plazo_fijo VALUES(30,60000,0,5.50);
INSERT INTO tasa_plazo_fijo VALUES(30,150000,60000,5.55);
INSERT INTO tasa_plazo_fijo VALUES(30,9999999,150000,5.64);
INSERT INTO tasa_plazo_fijo VALUES(60,60000,0,6.25);
INSERT INTO tasa_plazo_fijo VALUES(60,150000,60000,6.30);
INSERT INTO tasa_plazo_fijo VALUES(60,9999999,150000,6.39);
INSERT INTO tasa_plazo_fijo VALUES(90,60000,0,6.50);
INSERT INTO tasa_plazo_fijo VALUES(90,150000,60000,6.55);
INSERT INTO tasa_plazo_fijo VALUES(90,9999999,150000,6.64);
INSERT INTO tasa_plazo_fijo VALUES(120,60000,0,6.75);
INSERT INTO tasa_plazo_fijo VALUES(120,150000,60000,6.80);
INSERT INTO tasa_plazo_fijo VALUES(120,9999999,150000,6.89);
INSERT INTO tasa_plazo_fijo VALUES(180,60000,0,7.00);
INSERT INTO tasa_plazo_fijo VALUES(180,150000,60000,7.05);
INSERT INTO tasa_plazo_fijo VALUES(180,9999999,150000,7.14);
INSERT INTO tasa_plazo_fijo VALUES(360,60000,0,7.50);
INSERT INTO tasa_plazo_fijo VALUES(360,150000,60000,7.55);
INSERT INTO tasa_plazo_fijo VALUES(360,9999999,150000,7.64);

# plazo cliente
# nro plazo 2001 2002 2003 2004 2005 2006 2007 2008
# nro cliente 10001 11002 12003 13004 14005 16007 17008

# out of range tasa interes
INSERT INTO prestamo VALUES(3001,'2009-7-1',6,7500,20.00,750.00,1375.00,1007,10001);
INSERT INTO prestamo VALUES(3002,'2012-12-6',12,2500,18.50,462.50,246.87,1001,11002);
INSERT INTO prestamo VALUES(3003,'2006-5-6',24,15000,27.00,8100.00,962.50,1002,12003);
INSERT INTO prestamo VALUES(3004,'2015-1-24',60,12500,32.00,20000.00,541.66,1003,13004);
INSERT INTO prestamo VALUES(3005,'2004-7-8',120,1500,30.00,4500.00,50.00,1004,14005);
INSERT INTO prestamo VALUES(3006,'2017-11-21',60,7000,28.00,9800.00,280.00,1005,15006);
INSERT INTO prestamo VALUES(3007,'2011-10-14',12,20000,25.50,5100.00,2091.66,1006,16007);
INSERT INTO prestamo VALUES(3008,'2007-9-3',6,14500,24.00,1740.00,2706.66,1007,16007);


#pago
# nro_prestamo nro pago fecha venc fecha pago
#
#

INSERT INTO pago VALUES(3001,1,'2018-11-01','2018-09-21');
INSERT INTO pago VALUES(3001,2,'2018-12-03',NULL);
INSERT INTO pago VALUES(3001,3,'2019-01-03',NULL);
INSERT INTO pago VALUES(3002,1,'2018-10-10','2018-10-09');
INSERT INTO pago VALUES(3002,2,'2018-11-12','2018-11-08');
INSERT INTO pago VALUES(3003,1,'2018-10-12',NULL);
INSERT INTO pago VALUES(3004,1,'2018-09-24','2018-09-19');
INSERT INTO pago VALUES(3004,2,'2018-10-24','2018-10-09');
INSERT INTO pago VALUES(3004,3,'2018-11-26',NULL);
INSERT INTO pago VALUES(3005,1,'2018-09-24','2018-09-18');
INSERT INTO pago VALUES(3005,2,'2018-10-24',NULL);
INSERT INTO pago VALUES(3005,3,'2018-11-26',NULL);
INSERT INTO pago VALUES(3005,4,'2018-12-24',NULL);
INSERT INTO pago VALUES(3005,5,'2019-01-28',NULL);
INSERT INTO pago VALUES(3005,6,'2019-02-24',NULL);
INSERT INTO pago VALUES(3006,1,'2018-09-28',NULL);
INSERT INTO pago VALUES(3007,1,'2018-10-29',NULL);
INSERT INTO pago VALUES(3008,1,'2018-11-28',NULL);


INSERT INTO tasa_prestamo VALUES (6,0.00,3000.00,17.00);
INSERT INTO tasa_prestamo VALUES (6,3000.00,10000.00,20.00);
INSERT INTO tasa_prestamo VALUES (6,10000.00,30000.00,24.00);
INSERT INTO tasa_prestamo VALUES (12,0.00,3000.00,18.50);
INSERT INTO tasa_prestamo VALUES (12,3000.00,10000.00,21.50);
INSERT INTO tasa_prestamo VALUES (12,10000.00,30000.00,25.50);
INSERT INTO tasa_prestamo VALUES (24,0.00,3000.00,20.00);
INSERT INTO tasa_prestamo VALUES (24,3000.00,10000.00,23.00);
INSERT INTO tasa_prestamo VALUES (24,10000.00,30000.00,27.00);
INSERT INTO tasa_prestamo VALUES (60,0.00,3000.00,25.00);
INSERT INTO tasa_prestamo VALUES (60,3000.00,10000.00,28.00);
INSERT INTO tasa_prestamo VALUES (60,10000.00,30000.00,32.00);
INSERT INTO tasa_prestamo VALUES (120,0.00,3000.00,30.00);
INSERT INTO tasa_prestamo VALUES (120,3000.00,10000.00,33.00);
INSERT INTO tasa_prestamo VALUES (120,10000.00,30000.00,37.00);



INSERT INTO caja_ahorro VALUES (4001,1234567891234,56561.26);
INSERT INTO caja_ahorro VALUES (4002,123456789123456,556561.76);
INSERT INTO caja_ahorro VALUES (4003,12345678912,886561.23);
INSERT INTO caja_ahorro VALUES (4004,12345678,9666561.93);
INSERT INTO caja_ahorro VALUES (4005,1234567,786561.27);
INSERT INTO caja_ahorro VALUES (4006,1234567891,6561.05);
INSERT INTO caja_ahorro VALUES (4007,1234567891,2396561.00);
INSERT INTO caja_ahorro VALUES (4008,1234567891,26396561.00);
INSERT INTO caja_ahorro VALUES (4009,1234567891,4589.00);
INSERT INTO caja_ahorro VALUES (4010,1234567891,1287.00);
INSERT INTO caja_ahorro VALUES (4011,12345678912,9538555.00);


# nro cliente nro ca
INSERT INTO cliente_ca VALUES (10001,4001);
INSERT INTO cliente_ca VALUES (11002,4002);
INSERT INTO cliente_ca VALUES (12003,4003);
INSERT INTO cliente_ca VALUES (13004,4004);
INSERT INTO cliente_ca VALUES (14005,4005);
INSERT INTO cliente_ca VALUES (15006,4006);
INSERT INTO cliente_ca VALUES (16007,4009);
INSERT INTO cliente_ca VALUES (17008,4007);
INSERT INTO cliente_ca VALUES (17008,4008);
INSERT INTO cliente_ca VALUES (13004,4009);
INSERT INTO cliente_ca VALUES (11002,4010);
INSERT INTO cliente_ca VALUES (10001,4011);

# nro tarjeta pin cvt fecha venc nro cliente nro ca
INSERT INTO tarjeta VALUES (5001,md5("5001"),md5("1111"),'2019-05-10',10001,4001);
INSERT INTO tarjeta VALUES (5002,md5("5002"),md5("2222"),'2019-07-12',11002,4002);
INSERT INTO tarjeta VALUES (5003,md5("5003"),md5("3333"),'2019-08-01',12003,4003);
INSERT INTO tarjeta VALUES (5004,md5("5004"),md5("4444"),'2019-08-02',13004,4004);
INSERT INTO tarjeta VALUES (5005,md5("5005"),md5("5555"),'2019-08-22',14005,4005);
INSERT INTO tarjeta VALUES (5006,md5("5006"),md5("6666"),'2019-07-30',15006,4006);
INSERT INTO tarjeta VALUES (5007,md5("5007"),md5("7777"),'2019-10-01',16007,4009);
INSERT INTO tarjeta VALUES (5008,md5("5008"),md5("8888"),'2019-12-17',17008,4007);
INSERT INTO tarjeta VALUES (5009,md5("5009"),md5("9999"),'2020-01-11',17008,4008);


# caja

INSERT INTO caja VALUES (60001);
INSERT INTO caja VALUES (60002);
INSERT INTO caja VALUES (60003);
INSERT INTO caja VALUES (60004);
INSERT INTO caja VALUES (60005);
INSERT INTO caja VALUES (60006);
INSERT INTO caja VALUES (60007);
INSERT INTO caja VALUES (60008);
INSERT INTO caja VALUES (60009);
INSERT INTO caja VALUES (60010);
INSERT INTO caja VALUES (60011);
INSERT INTO caja VALUES (60012);
INSERT INTO caja VALUES (60013);

#vetanilla
#1-8

INSERT INTO ventanilla VALUES(60001,1);
INSERT INTO ventanilla VALUES(60002,2);
INSERT INTO ventanilla VALUES(60003,3);
INSERT INTO ventanilla VALUES(60004,3);
INSERT INTO ventanilla VALUES(60005,5);
INSERT INTO ventanilla VALUES(60006,6);
INSERT INTO ventanilla VALUES(60007,6);
INSERT INTO ventanilla VALUES(60008,7);
INSERT INTO ventanilla VALUES(60009,8);

#atm
# cod caja cod postal direccion
# cod postal 8000-8006
INSERT INTO atm VALUES(60010,8000,"Calle falsa 123");
INSERT INTO atm VALUES(60011,8000,"Cabildo 500");
INSERT INTO atm VALUES(60012,8001,"Glove Street 777");
INSERT INTO atm VALUES(60013,8002,"Italia 558");

# transaccion
# nro_trans fecha hora  hr mm ss monto 10 2
#
#
INSERT INTO transaccion VALUES(70001,'2017-09-10','09:56:23', 155.00);
INSERT INTO transaccion VALUES(70002,'2017-06-05','09:27:07', 99988.50);
INSERT INTO transaccion VALUES(70003,'2017-08-22','16:43:33', 65789.80);
INSERT INTO transaccion VALUES(70004,'2017-09-29','19:12:55', 144236.20);
INSERT INTO transaccion VALUES(70005,'2017-07-07','18:02:01', 87123.30);
INSERT INTO transaccion VALUES(70006,'2017-09-09','08:22:09', 9999.15);
INSERT INTO transaccion VALUES(70007,'2017-06-11','09:18:38', 100.00);
INSERT INTO transaccion VALUES(70008,'2017-06-12','10:18:38', 1000.00);
INSERT INTO transaccion VALUES(70009,'2017-06-13','11:18:38', 10000.00);
INSERT INTO transaccion VALUES(70010,'2017-06-14','16:18:38', 180.00);
INSERT INTO transaccion VALUES(70011,'2017-06-15','17:18:38', 1040.00);
INSERT INTO transaccion VALUES(70012,'2017-06-16','18:18:38', 10240.00);
INSERT INTO transaccion VALUES(70013,'2017-06-17','19:18:38', 104560.00);
INSERT INTO transaccion VALUES(70014,'2017-06-18','19:28:38', 10940.00);

#debito
# nro trans descripccion nro cliente (10001 11002 12003 13004 14005 15006 16007 17008) nro ca 4001-4008
#
#
#

INSERT INTO debito VALUES (70001,"Estación de servicio",10001, 4001);
INSERT INTO debito VALUES (70002,"Mc Donals",11002,4002);
SELECT * FROM debito;
INSERT INTO debito VALUES (70003,"Ferreira Sport",12003,4003);
INSERT INTO debito VALUES (70004,"Rucca Ind",13004,4004);

#transaccion_por_caja
#ñro trans cod caja de una caja sola

INSERT INTO transaccion_por_caja VALUES (70005,60001);
INSERT INTO transaccion_por_caja VALUES (70006,60002);
INSERT INTO transaccion_por_caja VALUES (70007,60013);
INSERT INTO transaccion_por_caja VALUES (70011,60012);
INSERT INTO transaccion_por_caja VALUES (70012,60011);
INSERT INTO transaccion_por_caja VALUES (70013,60003);
INSERT INTO transaccion_por_caja VALUES (70008,60004);
INSERT INTO transaccion_por_caja VALUES (70009,60005);
INSERT INTO transaccion_por_caja VALUES (70010,60006);

#deposito
#nro trans es de transaccion por caja. nro caja de ahorro

INSERT INTO deposito VALUES(70005,4005);
INSERT INTO deposito VALUES(70006,4006);
INSERT INTO deposito VALUES(70007,4007);
INSERT INTO deposito VALUES(70008,4008);

#extraccion
# nro trans nro cliente nro caja de caja de ahorro (pares cliente_ca)


INSERT INTO extraccion VALUES(70009,13004,4009);
INSERT INTO extraccion VALUES(70010,11002,4010);
INSERT INTO extraccion VALUES(70011,10001,4011);

#transferencia

# nro trans es de una transaccion por caja
# nro cliente y nro caja de cliente ca
# caja de ahorro destino
#

INSERT INTO transferencia VALUES(70012,16007,4009,4010);
INSERT INTO transferencia VALUES(70013,17008,4007,4011);

SELECT * FROM trans_cajas_ahorro;